the,1
be,2,am,m,is,isn,s,are,re,aren,ain,been,was,wasn,were,weren,being,bein,beings
and,3,ands
of,4
to,5
a,6,an
in,7,ins
have,8,haven,ve,has,hasn,had,hadn,d,having,hafta
it,9,its
you,10,y,ye,your,yours
he,11,him,im,his
for,12
they,13,them,em,their,theirs
not,14,t
that,15,those
we,16,us,our,ours
on,17
with,18
this,19,these
i,20,me,my
do,21,does,don,doesn,did,didn,doing,done,doin
as,22
at,23
she,24,her,hers
but,25,buts
from,26
by,27
will,28,wills,willed,willing,won,ll
or,29
say,30,says,said,saying,sayings
go,31,goes,went,going,gone,goin,gonna
so,32
all,33
if,34,ifs
one,35,ones
would,36,wouldn
about,37
can,38,cans,canned,canning,cannot
which,39
there,40
know,41,knows,knew,knowing,known
more,42
get,43,gets,got,getting,gotten,gettin,gotta
who,44,whom,whose
like,45,likes,liked,liking
when,46
think,47,thinks,thought,thinking,thoughts
make,48,makes,made,making
time,49,times,timed,timing
see,50,sees,saw,seeing,seen
what,51
up,52,ups,upped,upping
some,53
other,54,others
out,55,outs,outed,outing,outings
good,56,goodest
people,57,peoples,peopled,peopling
year,58,years
take,59,takes,took,taking,taken
no,60
well,61,wells,welled,welling
because,62,cos
very,63
just,64
come,65,comes,came,coming,cometh
could,66,couldn,coulda
work,67,works,worked,working,workings
use,68,uses,used,using
than,69
now,70
then,71
also,72
into,73
only,74
look,75,looks,looked,looking
want,76,wants,wanted,wanting,wanna
give,77,gives,gave,giving,given
first,78,firsts
new,79,newer,newest
way,80,ways
find,81,finds,finding,findings
over,82,overs
any,83
after,84
day,85,days
where,86
thing,87,things
most,88
should,89,shouldn,shoulda
need,90,needs,needed,needing
much,91
right,92,rights,righted,righting,righter
how,93,hows
back,94,backs,backed,backing
mean,95,means,meaning,meant,meanings,meaner,meanest
even,96,evens,evened
may,97
here,98
many,99
such,100
last,101,lasts,lasted,lasting
child,102,children
tell,103,tells,told,telling
really,104
call,105,calls,called,calling
before,106
company,107,companies
through,108
down,109,downs,downed,downing
show,110,shows,showed,showing,shown
life,111
man,112,mans,manned,manning,men
change,113,changes,changed,changing
place,114,places,placed,placing
long,115,longs,longed,longing,longer,longest
between,116
feel,117,feels,felt,feeling,feelings
too,118
still,119,stills,stilled,stilling,stiller,stillest
problem,120,problems
write,121,writes,wrote,writing,written,writings
same,122
lot,123,lots
great,124,greater,greatest,greats
try,125,tries,tried,trying
leave,126,leaves,leaved,leaving,leavings
number,127,numbers,numbered,numbering,numberings
both,128
own,129,owns,owned,owning
part,130,parts,parted,parting
point,131,points,pointed,pointing
little,132,littler,littlest
help,133,helps,helped,helping,helpings
ask,134,asks,asked,asking
meet,135,meets,meeting,met,meetings
start,136,starts,started,starting
talk,137,talks,talked,talking
something,138
put,139,puts,putted,putting
another,140
become,141,becomes,became,becoming
interest,142,interests,interested,interesting
country,143,countries
old,144,older,oldest,olds
each,145
school,146,schools,schooled,schooling,schoolings
late,147,later,latest
high,148,higher,highest,highs
different,149
off,150,offs,offed,offing
next,151
end,152,ends,ended,ending
live,153,lives,lived,living
why,154
while,155,whiles,whiled,whiling
world,156,worlds
week,157,weeks
play,158,plays,played,playing
might,159,mightn,mighta
must,160,mustn,musta
home,161,homes,homed,homing
never,162
include,163,includes,included,including
course,164,courses,coursed,coursing
house,165,houses,housed,housing,housings
report,166,reports,reported,reporting
group,167,groups,grouped,grouping
case,168,cases,cased,casing,casings
woman,169,women
around,170
book,171,books,booked,booking,bookings
family,172,families
seem,173,seems,seemed,seeming
let,174,lets,letting,lemme,lettings
again,175
kind,176,kinds,kinder,kindest
keep,177,keeps,keeping,kept
hear,178,hears,heard,hearing,hearings
system,179,systems
every,180
question,181,questions,questioned,questioning,questionings
during,182
always,183
big,184,bigger,biggest
set,185,sets,setting,settings
small,186,smaller,smallest
study,187,studies,studied,studying
follow,188,follows,followed,following,followings
begin,189,begins,began,beginning,begun,beginnings
important,190
since,191
run,192,runs,ran,running
under,193
turn,194,turns,turned,turning
few,195,fewer,fewest
bring,196,brings,brought,bringing
early,197,earlier,earliest
hand,198,hands,handed,handing
state,199,states,stated,stating
move,200,moves,moved,moving
money,201,moneys
fact,202,facts
however,203
area,204,areas
provide,205,provides,provided,providing
name,206,names,named,naming
read,207,reads,reading,readings
friend,208,friends
month,209,months
large,210,larger,largest
business,211,businesses
without,212
information,213
open,214,opens,opened,opening,openings
order,215,orders,ordered,ordering
government,216,governments
word,217,words,worded,wording,wordings
issue,218,issues,issued,issuing
market,219,markets,marketed,marketing
pay,220,pays,paid,paying
build,221,builds,building,buildings,built
hold,222,holds,held,holding,holdings
service,223,services,serviced,servicing
against,224
believe,225,believes,believed,believing
second,226,seconds,seconded,seconding,sec
though,227
yes,228,yeses
love,229,loves,loved,loving
increase,230,increases,increased,increasing
job,231,jobs,jobbing
plan,232,plans,planned,planning
result,233,results,resulted,resulting
away,234
example,235,examples
happen,236,happens,happened,happening,happenings
offer,237,offers,offered,offering,offerings
young,238,younger,youngest
close,239,closes,closed,closing,closer,closest
program,240,programs,programmed,programming,programme,programmes,programed,programing
lead,241,leads,led,leading
buy,242,buys,bought,buying
understand,243,understands,understood,understanding,understandings
thank,244,thanks,thanked,thanking
far,245,farther,farthest
today,246
hour,247,hours
student,248,students
face,249,faces,faced,facing
hope,250,hopes,hoped,hoping
idea,251,ideas
cost,252,costs,costing
less,253
room,254,rooms,roomed,rooming
until,255,til
reason,256,reasons,reasoned,reasoning
form,257,forms,formed,forming
spend,258,spends,spending,spent
head,259,heads,headed,heading,headings
car,260,cars
learn,261,learns,learned,learning,learnt
level,262,levels,leveled,leveling,levelled,levelling
person,263,persons
experience,264,experiences,experienced,experiencing
once,265
member,266,members
enough,267
bad,268,worse,worst,baddest
city,269,cities
night,270,nights
able,271,abler,ablest
support,272,supports,supported,supporting
whether,273
line,274,lines,lined,lining
present,275,presents,presented,presenting
side,276,sides,sided,siding,sidings
quite,277
although,278
sure,279,surer,surest
term,280,terms,termed,terming
least,281
age,282,ages,aged,aging,ageing
low,283,lows,lowed,lowing,lower,lowest,lowers,lowered,lowering
speak,284,speaks,spoke,speaking,spoken
within,285
process,286,processes,processed,processing
public,287,publics
often,288
train,289,trains,trained,training,trainings
possible,290
actually,291
rather,292
view,293,views,viewed,viewing
together,294
consider,295,considers,considered,considering
price,296,prices,priced,pricing,pricings
parent,297,parents,parented,parenting
hard,298,harder,hardest
party,299,parties,partied,partying
local,300,locals
control,301,controls,controlled,controlling
already,302
concern,303,concerns,concerned,concerning
product,304,products
lose,305,loses,lost,losing
story,306,stories,storied,storey,storys
almost,307
continue,308,continues,continued,continuing
stand,309,stands,stood,standing
whole,310,wholes
yet,311
rate,312,rates,rated,rating,ratings
care,313,cares,cared,caring
expect,314,expects,expected,expecting
effect,315,effects,effected,effecting
sort,316,sorts,sorted,sorting
ever,317
anything,318
cause,319,causes,caused,causing
fall,320,falls,fell,falling,fallen
deal,321,deals,dealing,dealt
water,322,waters,watered,watering
send,323,sends,sending,sent
allow,324,allows,allowed,allowing
soon,325,sooner,soonest
watch,326,watches,watched,watching
base,327,bases,based,basing,baser,basest
probably,328
suggest,329,suggests,suggested,suggesting
past,330
power,331,powers,powered,powering
test,332,tests,tested,testing
visit,333,visits,visited,visiting
center,334,centers,centered,centering,centre,centres,centred
grow,335,grows,grew,growing,grown
nothing,336
return,337,returns,returned,returning
mother,338,mothers,mothered,mothering
walk,339,walks,walked,walking
matter,340,matters,mattered,mattering
mind,341,minds,minded,minding
value,342,values,valued,valuing
office,343,offices
record,344,records,recorded,recording,recordings
stay,345,stays,stayed,staying
force,346,forces,forced,forcing
stop,347,stops,stopped,stopping
several,348
light,349,lights,lighted,lit,lighting,lightest
develop,350,develops,developed,developing
remember,351,remembers,remembered,remembering
bit,352,bits,bitted
share,353,shares,shared,sharing
real,354,realer
answer,355,answers,answered,answering
sit,356,sits,sat,sitting
figure,357,figures,figured,figuring
letter,358,letters,lettering,letterings
decide,359,decides,decided,deciding
language,360,languages
subject,361,subjects,subjected,subjecting
class,362,classes,classed,classing
development,363,developments
town,364,towns
half,365,halves,halved,halving
minute,366,minutes
food,367,foods
break,368,breaks,broke,breaking,broken
clear,369,clears,cleared,clearing,clearer,clearest
future,370,futures
either,371
ago,372
per,373
remain,374,remains,remained,remaining
top,375,tops,topped,topping,toppings
among,376
win,377,wins,winning,winnings
color,378,colors,colored,coloring,colorings,colour,colours,coloured,colouring
involve,379,involves,involved,involving
reach,380,reaches,reached,reaching
social,381,socials
period,382,periods
across,383
note,384,notes,noted,noting
history,385,histories
create,386,creates,created,creating
drive,387,drives,drove,driving,driven
along,388
type,389,types,typed,typing
sound,390,sounds,sounded,sounding
eye,391,eyes,eyed,eyeing
music,392
game,393,games,gamed,gaming
political,394
free,395,frees,freed,freeing,freer,freest
receive,396,receives,received,receiving
moment,397,moments
sale,398,sales
policy,399,policies
further,400,furthers,furthered,furthering
body,401,bodies,bodied,bodying
require,402,requires,required,requiring
wait,403,waits,waited,waiting
general,404,generals
appear,405,appears,appeared,appearing
toward,406,towards
team,407,teams,teamed,teaming
easy,408,easier,easiest
individual,409,individuals
full,410,fuller,fullest
black,411,blacks,blacked,blacking,blacker,blackest
sense,412,senses,sensed,sensing
perhaps,413
add,414,adds,added,adding
rule,415,rules,ruled,ruling,rulings
pass,416,passes,passed,passing
produce,417,produces,produced,producing
sell,418,sells,sold,selling
short,419,shorts,shorted,shorting,shorter,shortest
agree,420,agrees,agreed,agreeing
law,421,laws
everything,422
research,423,researches,researched,researching
cover,424,covers,covered,covering,coverings
paper,425,papers,papered,papering
position,426,positions,positioned,positioning
near,427,nears,neared,nearing,nearer,nearest
human,428,humans
computer,429,computers
situation,430,situations
staff,431,staffs,staffed,staffing
activity,432,activities
film,433,films,filmed,filming
morning,434,mornings
war,435,wars,warred,warring
account,436,accounts,accounted,accounting
shop,437,shops,shopped,shopping
major,438,majors,majored,majoring
someone,439
above,440
design,441,designs,designed,designing
event,442,events
special,443,specials
sometimes,444
condition,445,conditions,conditioned,conditioning,conditionings
carry,446,carries,carried,carrying
choose,447,chooses,chose,choosing,chosen
father,448,fathers,fathered,fathering
decision,449,decisions
table,450,tables,tabled
certain,451
forward,452,forwards,forwarded,forwarding
main,453
die,454,dies,died,dying
bear,455,bears,bearing,borne,bearings
cut,456,cuts,cutting,cuttings
describe,457,describes,described,describing
himself,458
available,459
especially,460
strong,461,stronger,strongest
rise,462,rises,rising,risen
girl,463,girls
maybe,464
community,465,communities
else,466
particular,467,particulars
role,468,roles
join,469,joins,joined,joining
difficult,470
please,471,pleases,pleased,pleasing
detail,472,details,detailed,detailing
difference,473,differences,differenced,differencing
action,474,actions
health,475
eat,476,eats,ate,eating,eaten
step,477,steps,stepped,stepping
true,478,trues,trued,truing,truer,truest
phone,479,phones,phoned,phoning
themselves,480
draw,481,draws,drew,drawing,drawn,drawings
white,482,whiter,whitest,whites
date,483,dates,dated,dating
practice,484,practices,practiced,practicing,practise,practised,practises,practising
model,485,models,modeled,modeling,modelled,modelling
raise,486,raises,raised,raising,raisings
customer,487,customers
front,488,fronts,fronted,fronting
explain,489,explains,explained,explaining
door,490,doors
outside,491,outsides
behind,492
economic,493,economics
site,494,sites,sited
approach,495,approaches,approached,approaching
teacher,496,teachers
land,497,lands,landed,landing,landings
charge,498,charges,charged,charging
finally,499
sign,500,signs,signed,signing
claim,501,claims,claimed,claiming
relationship,502,relationships
travel,503,travels,traveled,traveling,travelled,travelling
enjoy,504,enjoys,enjoyed,enjoying
death,505,deaths
nice,506,nicer,nicest
amount,507,amounts,amounted
improve,508,improves,improved,improving
picture,509,pictures,pictured,picturing
boy,510,boys
regard,511,regards,regarded,regarding
organization,512,organizations,organisation,organisations
happy,513,happier,happiest
couple,514,couples,coupled,coupling
act,515,acts,acted,acting
range,516,ranges,ranged,ranging
quality,517,qualities
project,518,projects,projected,projecting
round,519,rounds,rounded,rounding,rounder,roundest
opportunity,520,opportunities
road,521,roads
accord,522,accords,accorded,according
list,523,lists,listed,listing,listings
wish,524,wishes,wished,wishing
therefore,525
wear,526,wears,wore,wearing,worn
fund,527,funds,funded,funding
rest,528,rests,rested,resting
kid,529,kids,kidded,kidding
industry,530,industries
education,531,educations
measure,532,measures,measured,measuring
kill,533,kills,killed,killing,killings
serve,534,serves,served,serving,servings
likely,535,likelier,likeliest
certainly,536
national,537,nationals
itself,538
teach,539,teaches,taught,teaching,teachings
field,540,fields,fielded,fielding
security,541,securities
air,542,airs,aired,airing
benefit,543,benefits,benefited,benefiting,benefitted,benefitting
trade,544,trades,traded,trading
risk,545,risks,risked,risking
news,546
standard,547,standards
vote,548,votes,voted,voting
percent,549,percents
focus,550,focuses,focused,focusing,focussed,focuss,focusses,focussing
stage,551,stages,staged,staging
space,552,spaces,spaced,spacing
instead,553
realize,554,realizes,realized,realizing,realise,realises,realised,realising
usually,555
data,556,datum
single,557,singles,singled,singling
address,558,addresses,addressed,addressing
performance,559,performances
chance,560,chances,chanced,chancing
accept,561,accepts,accepted,accepting
society,562,societies
technology,563,technologies
mention,564,mentions,mentioned,mentioning
choice,565,choices,choicer,choicest
save,566,saves,saved,saving,savings
common,567,commonest
culture,568,cultures,cultured,culturing
total,569,totals,totaled,totaling,totalled,totalling
demand,570,demands,demanded,demanding
material,571,materials
limit,572,limits,limited,limiting
listen,573,listens,listened,listening
due,574
wrong,575,wrongs,wronged,wronging
foot,576,foots,footed,footing,feet
effort,577,efforts
attention,578,attentions
upon,579
check,580,checks,checked,checking
complete,581,completes,completed,completing
lie,582,lies,lied,lying,lain
pick,583,picks,picked,picking
reduce,584,reduces,reduced,reducing
personal,585,personals
ground,586,grounds,grounded,grounding
animal,587,animals
arrive,588,arrives,arrived,arriving
patient,589,patients
current,590,currents
century,591,centuries
evidence,592,evidences,evidenced,evidencing
exist,593,exists,existed,existing
similar,594
fight,595,fights,fought,fighting
leader,596,leaders
fine,597,fines,fined,fining,finer,finest
street,598,streets
former,599,formers
contact,600,contacts,contacted,contacting
particularly,601
wife,602,wives
sport,603,sports,sported,sporting
prepare,604,prepares,prepared,preparing
discuss,605,discusses,discussed,discussing
response,606,responses
voice,607,voices,voiced,voicing
piece,608,pieces,pieced,piecing
finish,609,finishes,finished,finishing
suppose,610,supposes,supposed,supposing
apply,611,applies,applied,applying
president,612,presidents
fire,613,fires,fired,firing,firings
compare,614,compares,compared,comparing
court,615,courts,courted,courting
police,616,polices,policed,policing
store,617,stores,stored,storing
poor,618,poorer,poorest
knowledge,619
laugh,620,laughs,laughed,laughing
arm,621,arms,armed,arming
heart,622,hearts,hearted
source,623,sources,sourced,sourcing
employee,624,employees
manage,625,manages,managed,managing
simply,626
bank,627,banks,banked,banking
firm,628,firms,firmed,firming,firmer,firmest
cell,629,cells,celled
article,630,articles,articled,articling
fast,631,fasts,fasted,fasting,faster,fastest
attack,632,attacks,attacked,attacking
foreign,633
surprise,634,surprises,surprised,surprising
feature,635,features,featured,featuring
factor,636,factors,factored,factoring,factorings
pretty,637,pretties,prettying,prettier,prettiest
recently,638
affect,639,affects,affected,affecting
drop,640,drops,dropped,dropping
recent,641
relate,642,relates,related,relating
official,643,officials
financial,644,financials
miss,645,misses,missed,missing
art,646,arts
campaign,647,campaigns,campaigned,campaigning
private,648
pause,649,pauses,paused,pausing
everyone,650
forget,651,forgets,forgot,forgetting,forgotten
page,652,pages,paged,paging
worry,653,worries,worried,worrying
summer,654,summers,summered
drink,655,drinks,drank,drinking
opinion,656,opinions,opinioned
park,657,parks,parked,parking
represent,658,represents,represented,representing
key,659,keys,keyed,keying
inside,660,insides
manager,661,managers
international,662,internationals
contain,663,contains,contained,containing
notice,664,notices,noticed,noticing
wonder,665,wonders,wondered,wondering,wonderings
nature,666,natures,natured
structure,667,structures,structured,structuring
section,668,sections,sectioned,sectioning
myself,669
exactly,670
plant,671,plants,planted,planting,plantings
paint,672,paints,painted,painting,paintings
worker,673,workers
press,674,presses,pressed,pressing,pressings
whatever,675
necessary,676,necessaries
region,677,regions
growth,678,growths
evening,679,evenings
influence,680,influences,influenced,influencing
respect,681,respects,respected,respecting
various,682
catch,683,catches,caught,catching
thus,684
skill,685,skills,skilled
attempt,686,attempts,attempted,attempting
son,687,sons
simple,688,simpler,simplest
medium,689,mediums
average,690,averages,averaged,averaging
stock,691,stocks,stocked,stocking
management,692,managements
character,693,characters
bed,694,beds,bedded,bedding,beddings
hit,695,hits,hitting
establish,696,establishes,established,establishing
indeed,697
final,698,finals
economy,699,economies
fit,700,fits,fitted,fitting,fitter,fittest,fittings
guy,701,guys,guyed,guying
function,702,functions,functioned,functioning
yesterday,703,yesterdays
image,704,images,imaged,imaging
size,705,sizes,sized,sizing
behavior,706,behaviors,behaviour,behaviours
addition,707,additions
determine,708,determines,determined,determining
station,709,stations,stationed,stationing
population,710,populations
fail,711,fails,failed,failing,failings
environment,712,environments
production,713,productions
contract,714,contracts,contracted,contracting
player,715,players
comment,716,comments,commented,commenting
enter,717,enters,entered,entering
occur,718,occurs,occurred,occurring
alone,719
significant,720
drug,721,drugs,drugged,drugging
wall,722,walls,walled,walling
series,723
direct,724,directs,directed,directing
success,725,successes
tomorrow,726,tomorrows
director,727,directors
clearly,728
lack,729,lacks,lacked,lacking
review,730,reviews,reviewed,reviewing
depend,731,depends,depended,depending
race,732,races,raced,racing
recognize,733,recognizes,recognized,recognizing,recognise,recognises,recognised,recognising
window,734,windows,windowed,windowing
purpose,735,purposes,purposed,purposing
department,736,departments
gain,737,gains,gained,gaining
tree,738,trees
college,739,colleges
argue,740,argues,argued,arguing
board,741,boards,boarded,boarding
holiday,742,holidays,holidayed,holidaying
mark,743,marks,marked,marking,markings
church,744,churches,churched,churching
machine,745,machines,machined,machining
achieve,746,achieves,achieved,achieving
item,747,items
prove,748,proves,proved,proving,proven
cent,749,cents
season,750,seasons,seasoned,seasoning,seasonings
floor,751,floors,floored,flooring,floorings
stuff,752,stuffs,stuffed,stuffing
wide,753,wider,widest
anyone,754
method,755,methods
analysis,756,analyses
election,757,elections
military,758,militaries
hotel,759,hotels
club,760,clubs,clubbed,clubbing
below,761
movie,762,movies
doctor,763,doctors,doctored,doctoring
discussion,764,discussions
sorry,765,sorrier,sorriest
challenge,766,challenges,challenged,challenging
nation,767,nations
nearly,768
statement,769,statements
link,770,links,linked,linking
despite,771
introduce,772,introduces,introduced,introducing
advantage,773,advantages,advantaged
ready,774,readies,readied,readying,readier,readiest
marry,775,marries,married,marrying
strike,776,strikes,struck,striking
mile,777,miles
seek,778,seeks,sought,seeking
ability,779,abilities
unit,780,units
card,781,cards,carded,carding
hospital,782,hospitals
quickly,783
interview,784,interviews,interviewed,interviewing
agreement,785,agreements
release,786,releases,released,releasing
tax,787,taxes,taxed,taxing
solution,788,solutions
capital,789,capitals
popular,790
specific,791,specifics
beautiful,792
fear,793,fears,feared,fearing
aim,794,aims,aimed,aiming
television,795,televisions
serious,796
target,797,targets,targeted,targeting
degree,798,degrees
pull,799,pulls,pulled,pulling
red,800,reds,redder,reddest
husband,801,husbands,husbanded,husbanding
access,802,accesses,accessed,accessing
movement,803,movements
treat,804,treats,treated,treating
identify,805,identifies,identified,identifying
loss,806,losses
shall,807
modern,808,moderns
pressure,809,pressures,pressured,pressuring
bus,810,buses,bused,busing
treatment,811,treatments
yourself,812,yourselves
supply,813,supplies,supplied,supplying
village,814,villages
worth,815
natural,816,naturals
express,817,expresses,expressed,expressing
indicate,818,indicates,indicated,indicating
attend,819,attends,attended,attending
brother,820,brothers
investment,821,investments
score,822,scores,scored,scoring,scorings
organize,823,organizes,organized,organizing,organise,organises,organised,organising
trip,824,trips,tripped,tripping
beyond,825
sleep,826,sleeps,slept,sleeping
fish,827,fishes,fished,fishing
promise,828,promises,promised,promising
potential,829,potentials
energy,830,energies
trouble,831,troubles,troubled,troubling
relation,832,relations
touch,833,touches,touched,touching
file,834,files,filed,filing,filings
middle,835,middles,middled,middling
bar,836,bars,barred,barring
suffer,837,suffers,suffered,suffering,sufferred,sufferring
strategy,838,strategies
deep,839,deeper,deepest,deeps
except,840,excepts,excepted,excepting
clean,841,cleans,cleaned,cleaning,cleanings
tend,842,tends,tended,tending
advance,843,advances,advanced,advancing
fill,844,fills,filled,filling,fillings
star,845,stars,starred,starring
network,846,networks,networked,networking
generally,847
operation,848,operations
match,849,matches,matched,matching
avoid,850,avoids,avoided,avoiding
seat,851,seats,seated,seating
throw,852,throws,threw,throwing,thrown
task,853,tasks,tasked,tasking
normal,854,normals
goal,855,goals
associate,856,associates,associated,associating
blue,857,blues,blued,bluing,bluer,bluest
positive,858,positives
option,859,options
box,860,boxes,boxed,boxing
huge,861,huger,hugest
message,862,messages,messaged,messaging
instance,863,instances,instanced,instancing
style,864,styles,styled,styling
refer,865,refers,referred,referring,refered,refering
cold,866,colder,coldest,colds
push,867,pushes,pushed,pushing
quarter,868,quarters,quartered,quartering
assume,869,assumes,assumed,assuming
baby,870,babies,babied,babying
successful,871
sing,872,sings,sang,singing,sung
doubt,873,doubts,doubted,doubting
competition,874,competitions
theory,875,theories
propose,876,proposes,proposed,proposing
reference,877,references,referenced,referencing
argument,878,arguments
adult,879,adults
fly,880,flies,flew,flying,flown
document,881,documents,documented,documenting
pattern,882,patterns,patterned,patterning
application,883,applications
hot,884,hots,hotter,hottest
obviously,885
unclear,886
bill,887,bills,billed,billing
search,888,searches,searched,searching
separate,889,separates,separated,separating
central,890,centrals
career,891,careers,careered,careering
anyway,892,anyways
speech,893,speeches
dog,894,dogs,dogged,dogging
officer,895,officers,officered,officering
throughout,896
oil,897,oils,oiled,oiling
dress,898,dresses,dressed,dressing
profit,899,profits,profited,profiting
guess,900,guesses,guessed,guessing
fun,901
protect,902,protects,protected,protecting
resource,903,resources,resourced,resourcing
science,904,sciences
disease,905,diseases,diseased
balance,906,balances,balanced,balancing
damage,907,damages,damaged,damaging
basis,908
author,909,authors,authored,authoring
basic,910,basics
encourage,911,encourages,encouraged,encouraging
hair,912,hairs,haired
male,913,males
operate,914,operates,operated,operating
reflect,915,reflects,reflected,reflecting
exercise,916,exercises,exercised,exercising
useful,917
restaurant,918,restaurants
income,919,incomes
property,920,properties
previous,921
dark,922,darker,darkest
imagine,923,imagines,imagined,imagining,imaginings
okay,924,okays,okayed,okaying,ok
earn,925,earns,earned,earning,earnings
daughter,926,daughters
post,927,posts,posted,posting,postings
newspaper,928,newspapers
define,929,defines,defined,defining
conclusion,930,conclusions
clock,931,clocks,clocked,clocking
everybody,932
weekend,933,weekends,weekending
perform,934,performs,performed,performing
professional,935,professionals
mine,936,mines,mined,mining
debate,937,debates,debated,debating
memory,938,memories
green,939,greens,greened,greening,greener,greenest
song,940,songs
object,941,objects,objected,objecting
maintain,942,maintains,maintained,maintaining
credit,943,credits,credited,crediting
ring,944,rings,ringed,rang,ringing,rung
discover,945,discovers,discovered,discovering
dead,946,deader,deadest
afternoon,947,afternoons
prefer,948,prefers,preferred,preferring,prefered,prefering
extend,949,extends,extended,extending
possibility,950,possibilities
direction,951,directions
facility,952,facilities
variety,953,varieties
daily,954,dailies
clothes,955
screen,956,screens,screened,screening,screenings
track,957,tracks,tracked,tracking
dance,958,dances,danced,dancing
completely,959
female,960,females
responsibility,961,responsibilities
original,962,originals
sister,963,sisters
rock,964,rocks,rocked,rocking
dream,965,dreams,dreamed,dreaming,dreamt
nor,966
university,967,universities
easily,968
agency,969,agencies
dollar,970,dollars
garden,971,gardens,gardened,gardening
fix,972,fixes,fixed,fixing,fixings
ahead,973
cross,974,crosses,crossed,crossing,crossings
yeah,975
weight,976,weights,weighted,weighting,weightings
legal,977
proposal,978,proposals
version,979,versions,versioned
conversation,980,conversations
somebody,981
pound,982,pounds,pounded,pounding,poundings
magazine,983,magazines
shape,984,shapes,shaped,shaping
sea,985,seas
immediately,986
welcome,987,welcomes,welcomed,welcoming
smile,988,smiles,smiled,smiling
communication,989,communications
agent,990,agents
traditional,991
replace,992,replaces,replaced,replacing
judge,993,judges,judged,judging
herself,994
suddenly,995
generation,996,generations
estimate,997,estimates,estimated,estimating
favorite,998,favorites,favourite,favourites
difficulty,999,difficulties
purchase,1000,purchases,purchased,purchasing
shoot,1001,shoots,shooting,shootings
announce,1002,announces,announced,announcing
unless,1003
independent,1004,independents
recommend,1005,recommends,recommended,recommending
survey,1006,surveys,surveyed,surveying
majority,1007,majorities
stick,1008,sticks,stuck,sticking
request,1009,requests,requested,requesting
rich,1010,richer,richest
wind,1011,winds,winded,winding
none,1012
exchange,1013,exchanges,exchanged,exchanging
budget,1014,budgets,budgeted,budgeting
famous,1015
blood,1016,bloods,blooded,blooding
appropriate,1017,appropriates,appropriated,appropriating
block,1018,blocks,blocked,blocking
warm,1019,warms,warmed,warming,warmer,warmest
count,1020,counts,counted,counting
scene,1021,scenes
writer,1022,writers
content,1023,contents,contented,contenting
prevent,1024,prevents,prevented,preventing
safe,1025,safer,safest
invite,1026,invites,invited,inviting
mix,1027,mixes,mixed,mixing
element,1028,elements
effective,1029
correct,1030,corrects,corrected,correcting
medical,1031,medicals
admit,1032,admits,admitting,admitted
beat,1033,beats,beating,beaten,beatings
telephone,1034,telephones,telephoned,telephoning
copy,1035,copies,copied,copying
committee,1036,committees
aware,1037
advice,1038,advices
handle,1039,handles,handled,handling
glass,1040,glasses,glassed,glassing
trial,1041,trials,trialed,trialing,trialled,trialling
stress,1042,stresses,stressed
radio,1043,radios,radioed
administration,1044,administrations
complex,1045,complexes
text,1046,texts
context,1047,contexts
ride,1048,rides,rode,riding,ridden
directly,1049
heavy,1050,heavies,heavier,heaviest
remove,1051,removes,removed,removing
conduct,1052,conducts,conducted,conducting
equipment,1053,equipments
otherwise,1054
title,1055,titles,titled,titling
extra,1056,extras
executive,1057,executives
chair,1058,chairs,chaired,chairing
expensive,1059
sample,1060,samples,sampled,sampling,samplings
sex,1061,sexes
deliver,1062,delivers,delivered,delivering
video,1063,videos,videoed
connection,1064,connections,connexion,connexions
primary,1065,primaries
weather,1066,weathers,weathered,weathering
collect,1067,collects,collected,collecting
inform,1068,informs,informed,informing
principle,1069,principles,principled
straight,1070,straighter,straightest
appeal,1071,appeals,appealed,appealing
highly,1072
trust,1073,trusts,trusted,trusting
wonderful,1074
flat,1075,flats,flatted,flatting
absolutely,1076
flow,1077,flows,flowed,flowing
fair,1078,fairs,faired,fairing,fairer,fairest
additional,1079
responsible,1080
farm,1081,farms,farmed,farming
collection,1082,collections
hang,1083,hangs,hung,hanging,hanged,hangings
negative,1084,negatives
band,1085,bands,banded
relative,1086,relatives
tour,1087,tours,toured,touring
alternative,1088,alternatives
software,1089
pair,1090,pairs,paired,pairing,pairings
ship,1091,ships,shipped,shipping
attitude,1092,attitudes
cheap,1093,cheaper,cheapest
double,1094,doubles,doubled,doubling
leg,1095,legs,legged,legging,leggings
observe,1096,observes,observed,observing
sentence,1097,sentences,sentenced,sentencing
print,1098,prints,printed,printing,printings
progress,1099,progresses,progressed,progressing
truth,1100,truths
nobody,1101,nobodies
examine,1102,examines,examined,examining
lay,1103,lays,laid,laying
speed,1104,speeds,sped,speeded,speeding
politics,1105
reply,1106,replies,replied,replying
display,1107,displays,displayed,displaying
transfer,1108,transfers,transferred,transferring,transfering
perfect,1109,perfects,perfected,perfecting
slightly,1110
overall,1111
intend,1112,intends,intended,intending
user,1113,users
respond,1114,responds,responded,responding
dinner,1115,dinners
slow,1116,slows,slowed,slowing,slower,slowest
regular,1117,regulars
physical,1118,physicals
apart,1119
suit,1120,suits,suited,suiting
federal,1121,federals
reveal,1122,reveals,revealed,revealing,revealled,revealling
percentage,1123,percentages
peace,1124,peaces
status,1125
crime,1126,crimes
decline,1127,declines,declined,declining
decade,1128,decades
launch,1129,launches,launched,launching
warn,1130,warns,warned,warning,warnings
consumer,1131,consumers
favor,1132,favors,favored,favoring,favour,favours,favoured,favouring
dry,1133,dries,dried,drying,drier,driest
partner,1134,partners,partnered,partnering
institution,1135,institutions
spot,1136,spots,spotted,spotting
horse,1137,horses,horsed,horsing
eventually,1138
heat,1139,heats,heated,heating
excite,1140,excites,excited,exciting
reader,1141,readers
importance,1142
distance,1143,distances,distanced,distancing
guide,1144,guides,guided,guiding
grant,1145,grants,granted,granting
taxi,1146,taxis,taxiing,taxies
feed,1147,feeds,fed,feeding,feedings
pain,1148,pains,pained,paining
sector,1149,sectors
mistake,1150,mistakes,mistook,mistaking
ensure,1151,ensures,ensured,ensuring
satisfy,1152,satisfies,satisfied,satisfying
chief,1153,chiefs
cool,1154,cools,cooled,cooling,coolest
expert,1155,experts
wave,1156,waves,waved,waving
south,1157
labor,1158,labors,labored,laboring,labour,labours,laboured,labouring
surface,1159,surfaces,surfaced,surfacing
library,1160,libraries
excellent,1161
edge,1162,edges,edged,edging
camp,1163,camps,camped,camping
audience,1164,audiences
lift,1165,lifts,lifted,lifting
procedure,1166,procedures
email,1167,emails,emailed,emailing
global,1168
struggle,1169,struggles,struggled,struggling
advertise,1170,advertises,advertised,advertising,advertize,advertizes,advertized,advertizing
select,1171,selects,selected,selecting
surround,1172,surrounds,surrounded,surrounding,surroundings
extent,1173,extents
river,1174,rivers
annual,1175,annuals
fully,1176
contrast,1177,contrasts,contrasted,contrasting
roll,1178,rolls,rolled,rolling
reality,1179,realities
photograph,1180,photographs,photographed,photographing
artist,1181,artists
conflict,1182,conflicts,conflicted,conflicting
entire,1183
presence,1184,presences
crowd,1185,crowds,crowded,crowding
corner,1186,corners,cornered,cornering
gas,1187,gases,gassed,gassing,gasses
shift,1188,shifts,shifted,shifting
net,1189,nets,netted,netting
category,1190,categories
secretary,1191,secretaries
defense,1192,defenses,defence,defences
quick,1193,quicker,quickest
cook,1194,cooks,cooked,cooking
spread,1195,spreads,spreading
nuclear,1196
scale,1197,scales,scaled,scaling
driver,1198,drivers
ball,1199,balls,balled,balling
cry,1200,cries,cried,crying
introduction,1201,introductions
requirement,1202,requirements
north,1203
confirm,1204,confirms,confirmed,confirming
senior,1205,seniors
photo,1206,photos
refuse,1207,refuses,refused,refusing
transport,1208,transports,transported,transporting
emerge,1209,emerges,emerged,emerging
map,1210,maps,mapped,mapping,mappings
concept,1211,concepts
island,1212,islands,islanded,islanding
reform,1213,reforms,reformed,reforming
neither,1214
football,1215,footballs
survive,1216,survives,survived,surviving
flight,1217,flights
left,1218,lefts
solve,1219,solves,solved,solving
neighbor,1220,neighbors,neighbored,neighboring,neighbour,neighbours,neighboured,neighbouring
background,1221,backgrounds
technique,1222,techniques
traffic,1223,traffics,trafficked,trafficking,traffick,trafficks
improvement,1224,improvements
tool,1225,tools,tooled,tooling
consequence,1226,consequences
circumstance,1227,circumstances
smoke,1228,smokes,smoked,smoking
reaction,1229,reactions
rain,1230,rains,rained,raining
busy,1231,busies,busied,busying,busier,busiest
lesson,1232,lessons
brain,1233,brains,brained,braining
mass,1234,masses,massed,massing
funny,1235,funnier,funniest
contribute,1236,contributes,contributed,contributing
failure,1237,failures
schedule,1238,schedules,scheduled,scheduling
speaker,1239,speakers
bottom,1240,bottoms,bottomed,bottoming
adopt,1241,adopts,adopted,adopting
combine,1242,combines,combined,combining
mountain,1243,mountains
waste,1244,wastes,wasted,wasting
hide,1245,hides,hid,hiding,hidden
marriage,1246,marriages
ticket,1247,tickets,ticketed,ticketing
meal,1248,meals
colleague,1249,colleagues
bag,1250,bags,bagged,bagging
repeat,1251,repeats,repeated,repeating
equal,1252,equals,equaled,equaling,equalled,equalling
expression,1253,expressions
plus,1254,pluses
extremely,1255
owner,1256,owners
plane,1257,planes,planed
commercial,1258,commercials
lady,1259,ladies
duty,1260,duties
strength,1261,strengths
connect,1262,connects,connected,connecting
cultural,1263
arrange,1264,arranges,arranged,arranging
scheme,1265,schemes,schemed,scheming
payment,1266,payments
unfortunately,1267
brief,1268,briefs,briefed,briefing,briefer,briefest,briefings
bird,1269,birds,birded,birding
demonstrate,1270,demonstrates,demonstrated,demonstrating
contribution,1271,contributions
appreciate,1272,appreciates,appreciated,appreciating
chapter,1273,chapters
secret,1274,secrets
apparently,1275
novel,1276,novels
union,1277,unions
burn,1278,burns,burned,burning,burnt
trend,1279,trends,trended,trending
initial,1280,initials,initialed,initialing,initialled,initialling
pleasure,1281,pleasures,pleasured,pleasuring
suggestion,1282,suggestions
critical,1283
gather,1284,gathers,gathered,gathering,gatherings
mostly,1285
earth,1286,earths,earthed
pop,1287,pops,popped,popping
essential,1288,essentials
desire,1289,desires,desired,desiring
promote,1290,promotes,promoted,promoting
currently,1291
employ,1292,employs,employed,employing
path,1293,paths
topic,1294,topics
beach,1295,beaches,beached,beaching
attract,1296,attracts,attracted,attracting
engage,1297,engages,engaged,engaging
powerful,1298
flower,1299,flowers,flowered,flowering
crisis,1300,crises
settle,1301,settles,settled,settling
boat,1302,boats,boated,boating
aid,1303,aids,aided,aiding
fan,1304,fans,fanned,fanning
kitchen,1305,kitchens
twice,1306
fresh,1307,fresher,freshest
delay,1308,delays,delayed,delaying
safety,1309,safeties
engineer,1310,engineers,engineered,engineering
quiet,1311,quiets,quieted,quieting,quieter,quietest
insurance,1312,insurances
nurse,1313,nurses,nursed,nursing
divide,1314,divides,divided,dividing
length,1315,lengths
investigation,1316,investigations
package,1317,packages,packaged,packaging
somewhere,1318
expand,1319,expands,expanded,expanding
commit,1320,commits,committing,committed
obvious,1321
jump,1322,jumps,jumped,jumping
weapon,1323,weapons
relatively,1324
host,1325,hosts,hosted,hosting
winter,1326,winters,wintered,wintering
district,1327,districts
broad,1328,broader,broadest
tire,1329,tires,tired,tiring
spring,1330,springs,sprang,sprung,springing
spirit,1331,spirits,spirited,spiriting
lunch,1332,lunches,lunched,lunching
actual,1333
pool,1334,pools,pooled,pooling
battle,1335,battles,battled,battling
tradition,1336,traditions
cash,1337,cashes,cashed,cashing
hardly,1338
award,1339,awards,awarded,awarding
coach,1340,coaches,coached,coaching
experiment,1341,experiments,experimented,experimenting
consideration,1342,considerations
strange,1343,strangest
code,1344,codes,coded,coding
possibly,1345
threat,1346,threats
accident,1347,accidents
impossible,1348
revenue,1349,revenues
enable,1350,enables,enabled,enabling
afraid,1351
active,1352,actives
conclude,1353,concludes,concluded,concluding
religious,1354
cancer,1355,cancers
convince,1356,convinces,convinced,convincing
vary,1357,varies,varied,varying
environmental,1358
sun,1359,suns,sunned,sunning
healthy,1360,healthier,healthiest
blow,1361,blows,blew,blowing,blown
volume,1362,volumes
location,1363,locations
invest,1364,invests,invested,investing
proceed,1365,proceeds,proceeded,proceeding,proceedings
wash,1366,washes,washed,washing
actor,1367,actors
glad,1368,gladder,gladdest
tape,1369,tapes,taped,taping
whereas,1370
opposite,1371,opposites
stone,1372,stones,stoned,stoning
sum,1373,sums,summed,summing
murder,1374,murders,murdered,murdering
monitor,1375,monitors,monitored,monitoring
soldier,1376,soldiers,soldiered,soldiering
finance,1377,finances,financed,financing,financings
hate,1378,hates,hated,hating
egg,1379,eggs,egged,egging
concert,1380,concerts,concerted
shock,1381,shocks,shocked,shocking
comfortable,1382
usual,1383
carefully,1384
pack,1385,packs,packed,packing
recall,1386,recalls,recalled
wine,1387,wines,wining
camera,1388,cameras
swim,1389,swims,swam,swimming,swum
manufacture,1390,manufactures,manufactured,manufacturing
theater,1391,theaters,theatre,theatres
cycle,1392,cycles,cycled,cycling
coffee,1393,coffees
totally,1394
museum,1395,museums
visitor,1396,visitors
freedom,1397,freedoms
construction,1398,constructions
dear,1399,dears,dearer,dearest
objective,1400,objectives
moreover,1401
onto,1402
historical,1403
oppose,1404,opposes,opposed,opposing
branch,1405,branches,branched,branching
vehicle,1406,vehicles
scientist,1407,scientists
route,1408,routes
bind,1409,binds,binding
belong,1410,belongs,belonged,belonging,belongings
taste,1411,tastes,tasted,tasting,tastings
tonight,1412
fashion,1413,fashions,fashioned,fashioning
danger,1414,dangers
bomb,1415,bombs,bombed,bombing,bombings
army,1416,armies
dangerous,1417
decrease,1418,decreases,decreased,decreasing
hurt,1419,hurts,hurting
council,1420,councils
editor,1421,editors
normally,1422
sight,1423,sights,sighted,sighting,sightings
generate,1424,generates,generated,generating
gift,1425,gifts,gifted,gifting
delivery,1426,deliveries
deny,1427,denies,denied,denying
guest,1428,guests
anybody,1429
bedroom,1430,bedrooms
quote,1431,quotes,quoted,quoting
climb,1432,climbs,climbed,climbing
basically,1433
violence,1434
minister,1435,ministers,ministered,ministering
mainly,1436
mouth,1437,mouths,mouthed,mouthing
noise,1438,noises
manner,1439,manners,mannered
gun,1440,guns,gunned,gunning
square,1441,squares,squared,squaring,squarer,squarest
occasion,1442,occasions,occasioned,occasioning
familiar,1443,familiars
ignore,1444,ignores,ignored,ignoring
destroy,1445,destroys,destroyed,destroying
affair,1446,affairs
civil,1447
locate,1448,locates,located,locating
citizen,1449,citizens
temperature,1450,temperatures
gold,1451
domestic,1452,domestics
load,1453,loads,loaded,loading
belief,1454,beliefs
troop,1455,troops
technical,1456
remind,1457,reminds,reminded,reminding
arrangement,1458,arrangements
skin,1459,skins,skinned,skinning
prison,1460,prisons
switch,1461,switches,switched,switching
acquire,1462,acquires,acquired,acquiring
corporate,1463
fairly,1464
wood,1465,woods,wooded
participate,1466,participates,participated,participating
tough,1467,tougher,toughest
tear,1468,tears,tore,tearing
representative,1469,representatives
capacity,1470,capacities
border,1471,borders,bordered,bordering
shake,1472,shakes,shook,shaking,shaken
assessment,1473,assessments
shoe,1474,shoes,shoed,shod
ought,1475,oughtn,oughta,outta
ad,1476,ads
fee,1477,fees
hall,1478,halls
regulation,1479,regulations
escape,1480,escapes,escaped,escaping
studio,1481,studios
proper,1482
relax,1483,relaxes,relaxed,relaxing
tourist,1484,tourists
component,1485,components
afford,1486,affords,afforded,affording
lawyer,1487,lawyers
suspect,1488,suspects,suspected,suspecting
cup,1489,cups,cupped,cupping
description,1490,descriptions
confidence,1491,confidences
industrial,1492,industrials
complain,1493,complains,complained,complaining
perspective,1494,perspectives
error,1495,errors
arrest,1496,arrests,arrested,arresting
assess,1497,assesses,assessed,assessing
register,1498,registers,registered,registering
asset,1499,assets
signal,1500,signals,signaled,signaling,signalled,signalling
finger,1501,fingers,fingered,fingering
relevant,1502
explore,1503,explores,explored,exploring
leadership,1504,leaderships
commitment,1505,commitments
wake,1506,wakes,woke,waking,woken,waked
necessarily,1507
bright,1508,brighter,brightest
frame,1509,frames,framed,framing
slowly,1510
bond,1511,bonds,bonded,bonding
hire,1512,hires,hired,hiring
hole,1513,holes,holed,holing
tie,1514,ties,tied,tying
internal,1515,internals
chain,1516,chains,chained,chaining
literature,1517,literatures
victim,1518,victims
threaten,1519,threatens,threatened,threatening
division,1520,divisions
secure,1521,secures,secured,securing
amaze,1522,amazes,amazed,amazing
device,1523,devices
birth,1524,births,birthed,birthing
forest,1525,forests,forested,foresting
label,1526,labels,labeled,labeling,labelled,labelling
root,1527,roots,rooted,rooting
factory,1528,factories
expense,1529,expenses,expensed,expensing
channel,1530,channels,channeled,channelled,channelling,channeling
investigate,1531,investigates,investigated,investigating
recommendation,1532,recommendations
rank,1533,ranks,ranked,ranking,rankings
typical,1534
west,1535
friendly,1536,friendlier,friendliest
resident,1537,residents
provision,1538,provisions,provisioned,provisioning
concentrate,1539,concentrates,concentrated,concentrating
plenty,1540
export,1541,exports,exported,exporting
entirely,1542
strongly,1543
bridge,1544,bridges,bridged,bridging
consist,1545,consists,consisted,consisting
graduate,1546,graduates,graduated,graduating
brand,1547,brands,branded,branding
moral,1548,morals
insist,1549,insists,insisted,insisting
combination,1550,combinations
abuse,1551,abuses,abused,abusing
ice,1552,ices,iced
principal,1553,principals
master,1554,masters,mastered,mastering
definitely,1555
session,1556,sessions
grade,1557,grades,graded,grading
nevertheless,1558
predict,1559,predicts,predicted,predicting
previously,1560
protection,1561,protections
largely,1562
wed,1563,weds,wedded,wedding,weddings
rent,1564,rents,rented,renting
shot,1565,shots
appearance,1566,appearances
reasonable,1567
guarantee,1568,guarantees,guaranteed,guaranteeing,guaranty,guaranties
till,1569,tills,tilled,tilling
theme,1570,themes,themed
judgment,1571,judgments
odd,1572,odder,oddest
approve,1573,approves,approved,approving
loan,1574,loans,loaned,loaning
definition,1575,definitions
elect,1576,elects,elected,electing
atmosphere,1577,atmospheres
farmer,1578,farmers
comparison,1579,comparisons
characteristic,1580,characteristics
license,1581,licenses,licensed,licensing,licence,licences,licenced,licencing
rely,1582,relies,relied,relying
narrow,1583,narrows,narrowed,narrowing,narrower,narrowest
succeed,1584,succeeds,succeeded,succeeding
identity,1585,identities
desk,1586,desks
permit,1587,permits,permitted,permitting
seriously,1588
wild,1589,wilder,wildest,wilds
empty,1590,empties,emptied,emptying,emptier,emptiest
commission,1591,commissions,commissioned,commissioning
unique,1592
association,1593,associations
instrument,1594,instruments,instrumented
investor,1595,investors
practical,1596
tea,1597,teas
lovely,1598,lovelier,loveliest
soft,1599,softer,softest
row,1600,rows,rowed,rowing
youth,1601,youths
lock,1602,locks,locked,locking
fuel,1603,fuels,fueled,fueling
expectation,1604,expectations
employment,1605,employments
celebrate,1606,celebrates,celebrated,celebrating
sexual,1607
shoulder,1608,shoulders,shouldered
breath,1609,breaths
increasingly,1610
import,1611,imports,imported,importing
bottle,1612,bottles,bottled,bottling
ourselves,1613
sheet,1614,sheets,sheeted,sheeting
engine,1615,engines
cast,1616,casts,casted,casting,castings
notion,1617,notions
conservative,1618,conservatives
journey,1619,journeys,journeyed,journeying
opposition,1620,oppositions
relief,1621,reliefs
debt,1622,debts
honor,1623,honors,honored,honoring,honour,honours,honoured,honouring
outcome,1624,outcomes
blame,1625,blames,blamed,blaming
explanation,1626,explanations
arise,1627,arises,arose,arising,arisen
musical,1628,musicals
recover,1629,recovers,recovered,recovering
dad,1630,dads,daddy,daddies
stretch,1631,stretches,stretched,stretching
declare,1632,declares,declared,declaring
retire,1633,retires,retired,retiring
tiny,1634,tinier,tiniest
careful,1635
suitable,1636
native,1637,natives
fruit,1638,fruits,fruited,fruiting
analyze,1639,analyzes,analyzed,analyzing,analyse,analysed,analysing
witness,1640,witnesses,witnessed,witnessing
mail,1641,mails,mailed,mailing,mailings
terrible,1642
researcher,1643,researchers
ordinary,1644
selection,1645,selections
anywhere,1646
mental,1647
participant,1648,participants
vision,1649,visions
personality,1650,personalities
specifically,1651
fat,1652,fats,fatter,fattest
entry,1653,entries
fellow,1654,fellows
chemical,1655,chemicals
capture,1656,captures,captured,capturing
tip,1657,tips,tipped,tipping
discount,1658,discounts,discounted,discounting
peak,1659,peaks,peaked,peaking
chairman,1660,chairmen
proportion,1661,proportions,proportioned,proportioning
ear,1662,ears,eared
disappear,1663,disappears,disappeared,disappearing
shout,1664,shouts,shouted,shouting
yard,1665,yards
constant,1666,constants
significantly,1667
hill,1668,hills,hilled,hilling
considerable,1669
instruction,1670,instructions
intelligence,1671,intelligences
ideal,1672,ideals
folk,1673,folks
surely,1674
guard,1675,guards,guarded,guarding
cat,1676,cats
somewhat,1677
kiss,1678,kisses,kissed,kissing
presentation,1679,presentations
joint,1680,joints,jointed,jointing
compete,1681,competes,competed,competing
poll,1682,polls,polled,polling
weak,1683,weaker,weakest
faith,1684,faiths
reduction,1685,reductions
reserve,1686,reserves,reserved,reserving
complaint,1687,complaints
bore,1688,bores,bored,boring
mission,1689,missions
somehow,1690
tone,1691,tones,toned,toning
neighborhood,1692,neighborhoods,neighbourhood,neighbourhoods
passenger,1693,passengers
justice,1694,justices
phase,1695,phases,phased,phasing
thin,1696,thins,thinned,thinning,thinner,thinnest
rush,1697,rushes,rushed,rushing
formal,1698,formals
religion,1699,religions
employer,1700,employers
reject,1701,rejects,rejected,rejecting
latter,1702
plate,1703,plates,plated,plating
ban,1704,bans,banned,banning
steal,1705,steals,stole,stealing,stolen
protest,1706,protests,protested,protesting
index,1707,indexes,indexed,indexing,indices
sad,1708,sadder,saddest
frequently,1709
circle,1710,circles,circled,circling
helpful,1711
command,1712,commands,commanded,commanding
attractive,1713
sick,1714,sicker,sickest
impression,1715,impressions
unable,1716
joke,1717,jokes,joked,joking
sky,1718,skies
column,1719,columns,columned
electronic,1720,electronics
impose,1721,imposes,imposed,imposing
criminal,1722,criminals
besides,1723
properly,1724
ancient,1725,ancients
coast,1726,coasts,coasted,coasting
ill,1727,ills
kick,1728,kicks,kicked,kicking
closely,1729
multiple,1730,multiples
yield,1731,yields,yielded,yielding
via,1732
legislation,1733,legislations
county,1734,counties
unlike,1735
mobile,1736,mobiles
assistant,1737,assistants
implement,1738,implements,implemented,implementing
chart,1739,charts,charted,charting
attach,1740,attaches,attached,attaching
hell,1741,hells
everywhere,1742
advise,1743,advises,advised,advising
household,1744,households
acknowledge,1745,acknowledges,acknowledged,acknowledging
reward,1746,rewards,rewarded,rewarding
east,1747
hat,1748,hats,hatted
academic,1749,academics
voter,1750,voters
meanwhile,1751
furthermore,1752
accuse,1753,accuses,accused,accusing
scientific,1754
wage,1755,wages,waged,waging
absence,1756,absences
construct,1757,constructs,constructed,constructing
remark,1758,remarks,remarked,remarking
medicine,1759,medicines
professor,1760,professors,prof
rare,1761,rarer,rarest
intention,1762,intentions
dozen,1763,dozens
settlement,1764,settlements
gap,1765,gaps,gapped,gapping
widely,1766
minimum,1767,minima,minimums
northern,1768
estate,1769,estates
equally,1770
expose,1771,exposes,exposed,exposing
alive,1772
shut,1773,shuts
victory,1774,victories
resolve,1775,resolves,resolved,resolving
critic,1776,critics
variable,1777,variables
enormous,1778
sweet,1779,sweets,sweeter,sweetest
permanent,1780
emotion,1781,emotions
pursue,1782,pursues,pursued,pursuing
tall,1783,taller,tallest
urge,1784,urges,urged,urging,urgings
enemy,1785,enemies
appoint,1786,appoints,appointed,appointing
milk,1787,milks,milked,milking
talent,1788,talents,talented
smell,1789,smells,smelled,smelling
prior,1790,priors
priority,1791,priorities
online,1792
phrase,1793,phrases,phrased,phrasing
pilot,1794,pilots,piloted,piloting
stable,1795,stables,stabled,stabling
merely,1796
resolution,1797,resolutions
communicate,1798,communicates,communicated,communicating
injury,1799,injuries
vast,1800,vaster,vastest
exhibition,1801,exhibitions
producer,1802,producers
regional,1803,regionals
immediate,1804
incident,1805,incidents
childhood,1806,childhoods
draft,1807,drafts,drafted,drafting,draught,draughts
slip,1808,slips,slipped,slipping
accompany,1809,accompanies,accompanied,accompanying
politician,1810,politicians
angry,1811,angrier,angriest
knock,1812,knocks,knocked,knocking
seed,1813,seeds,seeded,seeding
salary,1814,salaries,salaried
illustrate,1815,illustrates,illustrated,illustrating
imply,1816,implies,implied,implying
breakfast,1817,breakfasts,breakfasted,breakfasting
temporary,1818
liberal,1819,liberals
lake,1820,lakes
qualify,1821,qualifies,qualified,qualifying
competitive,1822
truly,1823
hi,1824
yellow,1825,yellows,yellowed,yellowing
habit,1826,habits,habited
disk,1827,disks,disc,discs
core,1828,cores,cored,coring
emotional,1829
aircraft,1830,aircrafts
self,1831,selves
metal,1832,metals
existence,1833,existences
bone,1834,bones,boned,boning
panel,1835,panels,paneled,paneling,panelled,panelling
prime,1836,primes,primed,priming
appointment,1837,appointments
emphasize,1838,emphasizes,emphasized,emphasizing,emphasise,emphasises,emphasised,emphasising
maximum,1839
effectively,1840
elsewhere,1841
bother,1842,bothers,bothered,bothering
initiative,1843,initiatives
sharp,1844,sharper,sharpest
diet,1845,diets,dieted,dieting
motion,1846,motions,motioned,motioning
gray,1847,grays,grayed,graying,grayer,grayest,grey,greys,greyed,greying,greyer,greyest
plastic,1848,plastics
complicate,1849,complicates,complicated,complicating
discipline,1850,disciplines,disciplined,disciplining
disappoint,1851,disappoints,disappointed,disappointing
boss,1852,bosses,bossed,bossing
assumption,1853,assumptions
freeze,1854,freezes,froze,freezing,frozen
extreme,1855,extremes
passage,1856,passages
reputation,1857,reputations
forth,1858
negotiation,1859,negotiations
mechanism,1860,mechanisms
coat,1861,coats,coated,coating,coatings
democracy,1862,democracies
pocket,1863,pockets,pocketed,pocketing
lucky,1864,luckier,luckiest
crash,1865,crashes,crashed,crashing
observation,1866,observations
meat,1867,meats
concentration,1868,concentrations
implication,1869,implications
deserve,1870,deserves,deserved,deserving
unusual,1871
defend,1872,defends,defended,defending
classic,1873,classics
king,1874,kings
interaction,1875,interactions
repair,1876,repairs,repaired,repairing
collapse,1877,collapses,collapsed,collapsing
borrow,1878,borrows,borrowed,borrowing,borrowings
fundamental,1879,fundamentals
dish,1880,dishes,dished,dishing
abroad,1881
soul,1882,souls
capable,1883
defeat,1884,defeats,defeated,defeating
presidential,1885
perfectly,1886
enhance,1887,enhances,enhanced,enhancing
proud,1888,prouder,proudest
emergency,1889,emergencies
educational,1890
distinguish,1891,distinguishes,distinguished,distinguishing
substantial,1892
nearby,1893
manufacturer,1894,manufacturers
slide,1895,slides,slid,sliding
valuable,1896,valuables
personally,1897
breast,1898,breasts,breasted,breasting
cope,1899,copes,coped,coping
approximately,1900
accommodation,1901,accommodations
highlight,1902,highlights,highlighted,highlighting
reporter,1903,reporters
climate,1904,climates
shirt,1905,shirts,shirted,shirting
exception,1906,exceptions
corporation,1907,corporations
chip,1908,chips,chipped,chipping
winner,1909,winners
encounter,1910,encounters,encountered,encountering
brown,1911,browns,browned,browning,browner,brownest
breathe,1912,breathes,breathed,breathing
excuse,1913,excuses,excused,excusing
partly,1914
tennis,1915
urban,1916
confuse,1917,confuses,confused,confusing
southern,1918
output,1919,outputs,outputted,outputting
beauty,1920,beauties
massive,1921
install,1922,installs,installed,installing
calculate,1923,calculates,calculated,calculating
mouse,1924,mouses,mice
mathematics,1925,mathematic,math,maths
upper,1926,uppers
creation,1927,creations
occupy,1928,occupies,occupied,occupying
outline,1929,outlines,outlined,outlining
sufficient,1930
update,1931,updates,updated,updating
luck,1932,lucks,lucked,lucking
preserve,1933,preserves,preserved,preserving
split,1934,splits,splitting
swing,1935,swings,swung,swinging
illness,1936,illnesses
journalist,1937,journalists
sudden,1938
advertisement,1939,advertisements,advertisment,advertisments
consistent,1940
originally,1941
aside,1942,asides
comfort,1943,comforts,comforted,comforting
secondly,1944
severe,1945,severer,severest
gene,1946,genes
prospect,1947,prospects,prospected,prospecting
snow,1948,snows,snowed,snowing
plot,1949,plots,plotted,plotting
neck,1950,necks,necked,necking
criterion,1951,criterions
primarily,1952
integrate,1953,integrates,integrated,integrating
criticism,1954,criticisms
convention,1955,conventions
bet,1956,bets,betted,betting
retain,1957,retains,retained,retaining
sequence,1958,sequences,sequenced,sequencing,sequencings
plain,1959,plains,plainer,plainest
volunteer,1960,volunteers,volunteered,volunteering
rural,1961
calm,1962,calms,calmed,calming,calmer,calmest
abandon,1963,abandons,abandoned,abandoning
examination,1964,examinations
silence,1965,silences,silenced,silencing
rapidly,1966
efficient,1967
revolution,1968,revolutions
delight,1969,delights,delighted,delighting
spell,1970,spells,spelled,spelling,spelt,spellings
premise,1971,premises,premised,premising
lean,1972,leans,leaned,leaning,leanings,leant,leaner,leanest
dramatic,1973,dramatics
differ,1974,differs,differed,differing
grateful,1975
protein,1976,proteins
bike,1977,bikes,biked,biking
distribute,1978,distributes,distributed,distributing
intellectual,1979,intellectuals
derive,1980,derives,derived,deriving
crucial,1981
unemployment,1982
wheel,1983,wheels,wheeled,wheeling
crop,1984,crops,cropped,cropping
minority,1985,minorities
origin,1986,origins
interpretation,1987,interpretations
gentleman,1988,gentlemen
drama,1989,dramas
landscape,1990,landscapes,landscaped,landscaping
educate,1991,educates,educated,educating
toy,1992,toys,toyed,toying
fault,1993,faults,faulted,faulting
exhibit,1994,exhibits,exhibited,exhibiting
minor,1995,minors
hunt,1996,hunts,hunted,hunting
storm,1997,storms,stormed,storming
thick,1998,thicker,thickest
achievement,1999,achievements
negotiate,2000,negotiates,negotiated,negotiating
dominate,2001,dominates,dominated,dominating
supplier,2002,suppliers
prize,2003,prizes,prized
typically,2004
peer,2005,peers,peered,peering
pension,2006,pensions,pensioned,pensioning
wing,2007,wings,winged,winging
acquisition,2008,acquisitions
laughter,2009
deeply,2010
recognition,2011,recognitions
electricity,2012
assistance,2013,assistances
roof,2014,roofs,roofed,roofing
retirement,2015,retirements
respectively,2016
variation,2017,variations
ultimately,2018
proof,2019,proofs,proofed,proofing
soil,2020,soils,soiled,soiling
smart,2021,smarts,smarted,smarting,smarter,smartest
layer,2022,layers,layered,layering
upset,2023,upsets,upsetting
tooth,2024,teeth,toothed
representation,2025,representations
preparation,2026,preparations
dispute,2027,disputes,disputed,disputing
agenda,2028,agendas
emphasis,2029,emphases
edition,2030,editions
silver,2031,silvers,silvered
entertainment,2032,entertainments
honest,2033
undertake,2034,undertakes,undertook,undertaking,undertaken,undertakings
retail,2035,retails,retailed,retailing
wire,2036,wires,wired,wiring,wirings
unlikely,2037,unlikelier,unlikeliest
gay,2038,gayer,gayest,gays
publication,2039,publications
slight,2040,slights,slighted,slighting,slighter,slightest
unknown,2041,unknowns
framework,2042,frameworks
zone,2043,zones,zoned,zoning,zonings
restrict,2044,restricts,restricted,restricting
trace,2045,traces,traced,tracing,tracings
inch,2046,inches,inched,inching
equivalent,2047,equivalents
solid,2048,solids
enterprise,2049,enterprises,enterprising
elderly,2050
owe,2051,owes,owed,owing
governor,2052,governors
uniform,2053,uniforms,uniformed
port,2054,ports,ported,porting
pitch,2055,pitches,pitched,pitching
arrival,2056,arrivals
contemporary,2057,contemporaries
gate,2058,gates,gated,gating
ease,2059,eases,eased,easing
beer,2060,beers
specialist,2061,specialists
assure,2062,assures,assured,assuring
profile,2063,profiles,profiled,profiling,profilings
mood,2064,moods
episode,2065,episodes
crack,2066,cracks,cracked,cracking
numerous,2067
submit,2068,submits,submitted,submitting
symptom,2069,symptoms
virtually,2070
era,2071,eras
coverage,2072
tension,2073,tensions,tensioned,tensioning
cable,2074,cables,cabled,cabling
sensitive,2075
nervous,2076
input,2077,inputs,inputted,inputting
isolate,2078,isolates,isolated,isolating
prisoner,2079,prisoners
eliminate,2080,eliminates,eliminated,eliminating
tight,2081,tighter,tightest
wet,2082,wets,wetted,wetting,wetter,wettest
secondary,2083
welfare,2084,welfares
recruit,2085,recruits,recruited,recruiting
exclude,2086,excludes,excluded,excluding
string,2087,strings,strung,stringing
cloud,2088,clouds,clouded,clouding
persuade,2089,persuades,persuaded,persuading
inspire,2090,inspires,inspired,inspiring
grand,2091,grander,grandest
hence,2092
crew,2093,crews,crewed,crewing
phenomenon,2094,phenomena
pupil,2095,pupils
false,2096,falser,falsest
assist,2097,assists,assisted,assisting
restore,2098,restores,restored,restoring
formula,2099,formulas,formulae
alter,2100,alters,altered,altering
perceive,2101,perceives,perceived,perceiving
routine,2102,routines
sink,2103,sinks,sank,sinking,sunk
stare,2104,stares,stared,staring
anymore,2105
hero,2106,heroes
supporter,2107,supporters
convert,2108,converts,converted,converting
steady,2109,steadies,steadied,steadying,steadier,steadiest
meter,2110,meters,metered,metering,metre,metres
truck,2111,trucks,trucked,trucking
nose,2112,noses,nosed,nosing
beside,2113
sail,2114,sails,sailed,sailing
disaster,2115,disasters
pace,2116,paces,paced,pacing
heavily,2117
devote,2118,devotes,devoted,devoting
terrorist,2119,terrorists
justify,2120,justifies,justified,justifying
vital,2121,vitals
fascinate,2122,fascinates,fascinated,fascinating
external,2123,externals
spare,2124,spares,spared,sparing,sparer,sparest
whenever,2125
depression,2126,depressions
guilty,2127,guiltier,guiltiest
underlie,2128,underlies,underlying,underlain
mom,2129,moms,mommy,mommies
distinction,2130,distinctions
satisfaction,2131,satisfactions
incorporate,2132,incorporates,incorporated,incorporating
pour,2133,pours,poured,pouring
sweep,2134,sweeps,swept,sweeping,sweepings
obligation,2135,obligations
sir,2136
evaluate,2137,evaluates,evaluated,evaluating
anger,2138,angers,angered
pub,2139,pubs
perception,2140,perceptions
naturally,2141
currency,2142,currencies
database,2143,databases
initially,2144
territory,2145,territories
stream,2146,streams,streamed,streaming
rarely,2147
height,2148,heights
apparent,2149
western,2150,westerns
expansion,2151,expansions
constantly,2152
muscle,2153,muscles,muscled
scare,2154,scares,scared,scaring
badly,2155
everyday,2156
boundary,2157,boundaries
ratio,2158,ratios
essay,2159,essays,essayed,essaying
scream,2160,screams,screamed,screaming
withdraw,2161,withdraws,withdrew,withdrawing,withdrawn
pollution,2162,pollutions
disorder,2163,disorders,disordered,disordering
furniture,2164
symbol,2165,symbols
apartment,2166,apartments
demonstration,2167,demonstrations
analyst,2168,analysts
platform,2169,platforms
steel,2170,steels,steeled,steeling
cake,2171,cakes,caked,caking
transform,2172,transforms,transformed,transforming
wound,2173,wounds,wounded,wounding
restriction,2174,restrictions
foundation,2175,foundations
designer,2176,designers
strain,2177,strains,strained,straining
innovation,2178,innovations
album,2179,albums
singer,2180,singers
trail,2181,trails,trailed,trailing
trap,2182,traps,trapped,trapping,trappings
loose,2183,looses,loosed,loosing,looser,loosest
extension,2184,extensions
wealth,2185
gradually,2186
tank,2187,tanks,tanked,tanking
evil,2188,evils,eviler,evilest
remarkable,2189
tune,2190,tunes,tuned,tuning
grass,2191,grasses,grassed,grassing
invitation,2192,invitations
transition,2193,transitions,transitioned,transitioning
frighten,2194,frightens,frightened,frightening
bid,2195,bids,bade,bidding
breed,2196,breeds,bred,breeding
extraordinary,2197
brilliant,2198
adviser,2199,advisers
stem,2200,stems,stemmed,stemming
reverse,2201,reverses,reversed,reversing
mode,2202,modes
mirror,2203,mirrors,mirrored,mirroring
awful,2204
pose,2205,poses,posed,posing
adjust,2206,adjusts,adjusted,adjusting
creative,2207
nowadays,2208
poem,2209,poems
agricultural,2210
competitor,2211,competitors
alcohol,2212,alcohols
festival,2213,festivals
vegetable,2214,vegetables
van,2215,vans
confident,2216,confidents
planet,2217,planets
curve,2218,curves,curved,curving
knee,2219,knees,kneed,kneeing
overcome,2220,overcomes,overcame,overcoming
web,2221,webs,webbed,webbing,webbings
depth,2222,depths
entrance,2223,entrances,entranced,entrancing
log,2224,logs,logged,logging
giant,2225,giants
god,2226,gods
portion,2227,portions,portioned,portioning
substance,2228,substances
extensive,2229
interpret,2230,interprets,interpreted,interpreting
independence,2231,independences
sugar,2232,sugars,sugared
inner,2233,inners
harm,2234,harms,harmed,harming
consult,2235,consults,consulted,consulting
pink,2236,pinks,pinked,pinking,pinker,pinkest
shadow,2237,shadows
strip,2238,strips,stripped,stripping
smooth,2239,smoothed,smoothing,smoother,smoothest
intervention,2240,interventions
impress,2241,impresses,impressed,impressing
exam,2242,exams
vice,2243,vices
radical,2244,radicals
similarly,2245
behave,2246,behaves,behaved,behaving
loud,2247,louder,loudest
dimension,2248,dimensions,dimensioned,dimensioning
subsequent,2249
infection,2250,infections
jacket,2251,jackets
efficiency,2252,efficiencies
dirty,2253,dirties,dirtied,dirtying,dirtier,dirtiest
statistic,2254,statistics
regularly,2255
resort,2256,resorts,resorted,resorting
iron,2257,irons,ironed,ironing
broadcast,2258,broadcasts,broadcasted,broadcasting
membership,2259,memberships
bread,2260,breads,breaded,breading
blind,2261,blinds,blinded,blinding,blinder,blindest
pure,2262,purer,purest
bloody,2263,bloodies,bloodied,bloodying,bloodier,bloodiest
ally,2264,allies,allied
quantity,2265,quantities
bend,2266,bends,bended,bending,bent
mature,2267,matures,matured,maturing
briefly,2268
alarm,2269,alarms,alarmed,alarming
disturb,2270,disturbs,disturbed,disturbing
sustain,2271,sustains,sustained,sustaining
flood,2272,floods,flooded,flooding
poverty,2273
crazy,2274,crazier,craziest,crazies
cite,2275,cites,cited,citing
newly,2276
parallel,2277,parallels,paralleled,paralleling
gender,2278,genders,gendered
sponsor,2279,sponsors,sponsored,sponsoring
boot,2280,boots,booted,booting
accurate,2281
dealer,2282,dealers
button,2283,buttons,buttoned,buttoning
burden,2284,burdens,burdened,burdening
desert,2285,deserts,deserted,deserting
mate,2286,mates,mated,mating
occasionally,2287
shareholder,2288,shareholders
bowl,2289,bowls,bowled,bowling
discovery,2290,discoveries
resistance,2291,resistances
bath,2292,baths
frequency,2293,frequencies
criticize,2294,criticizes,criticized,criticizing,criticise,criticises,criticised,criticising
tap,2295,taps,tapped,tapping
philosophy,2296,philosophies
lip,2297,lips,lipped
attribute,2298,attributes,attributed,attributing
apologize,2299,apologizes,apologized,apologizing,apologise,apologises,apologised,apologising
approval,2300,approvals
grab,2301,grabs,grabbed,grabbing
entitle,2302,entitles,entitled,entitling
lend,2303,lends,lent,lending
involvement,2304,involvements
exposure,2305,exposures
conventional,2306
digital,2307,digitals
translate,2308,translates,translated,translating
edit,2309,edits,edited,editing
formation,2310,formations
deposit,2311,deposits,deposited,depositing
pleasant,2312,pleasanter,pleasantest
overseas,2313,oversea
advocate,2314,advocates,advocated,advocating
establishment,2315,establishments
summary,2316,summaries
rough,2317,roughs,roughed,roughing,rougher,roughest
pen,2318,pens,penned,penning
recovery,2319,recoveries
seal,2320,seals,sealed,sealing,sealings
tube,2321,tubes,tubed,tubing
tower,2322,towers,towered,towering
characterize,2323,characterizes,characterized,characterizing,characterise,characterises,characterised,characterising
specify,2324,specifies,specified,specifying
exact,2325,exacts,exacted,exacting
spin,2326,spins,spun,spinning
operator,2327,operators
infant,2328,infants
dig,2329,digs,dug,digging
drag,2330,drags,dragged,dragging
mount,2331,mounts,mounted,mounting,mountings
wrap,2332,wraps,wrapped,wrapping,wrappings
anticipate,2333,anticipates,anticipated,anticipating
dependent,2334,dependents
specialize,2335,specializes,specialized,specializing,specialise,specialises,specialised,specialising
angle,2336,angles,angled,angling
chicken,2337,chickens,chickened
anxiety,2338,anxieties
virus,2339,viruses
precisely,2340
rival,2341,rivals,rivaled,rivaling,rivalled,rivalling
offense,2342,offenses,offence,offences
detect,2343,detects,detected,detecting
teenager,2344,teenagers
admire,2345,admires,admired,admiring
moderate,2346,moderates,moderated,moderating
surgery,2347,surgeries
musician,2348,musicians
significance,2349,significances
shower,2350,showers,showered,showering
illegal,2351
charity,2352,charities
universal,2353,universals
cigarette,2354,cigarettes
constitute,2355,constitutes,constituted,constituting
adequate,2356
consultant,2357,consultants
historian,2358,historians
cousin,2359,cousins
visual,2360,visuals
stupid,2361,stupider,stupidest
keen,2362,keens,keened,keening,keener,keenest
ethnic,2363,ethnics
twin,2364,twins
clinical,2365
eastern,2366
forecast,2367,forecasts,forecasted,forecasting
segment,2368,segments,segmented,segmenting
custom,2369,customs
adapt,2370,adapts,adapted,adapting
sand,2371,sands,sanded,sanding
cap,2372,caps,capped,capping
prompt,2373,prompts,prompted,prompting,promptings
charm,2374,charms,charmed,charming
react,2375,reacts,reacted,reacting
lecture,2376,lectures,lectured,lecturing
venture,2377,ventures,ventured,venturing
compound,2378,compounds,compounded,compounding
rescue,2379,rescues,rescued,rescuing
mess,2380,messes,messed,messing
preference,2381,preferences
comprehensive,2382
incentive,2383,incentives
league,2384,leagues
dialog,2385,dialogs,dialoged,dialoging,dialogue,dialogues,dialogued,dialoguing
cream,2386,creams,creamed,creaming
rapid,2387
cancel,2388,cancels,canceled,canceling,cancelled,cancelling
regret,2389,regrets,regretted,regretting
dismiss,2390,dismisses,dismissed,dismissing
margin,2391,margins
beneath,2392
opponent,2393,opponents
resist,2394,resists,resisted,resisting
capability,2395,capabilities
absolute,2396,absolutes
correspond,2397,corresponds,corresponded,corresponding
stroke,2398,strokes,stroked,stroking
dare,2399,dares,dared,daring
barrier,2400,barriers
rid,2401,rids,ridded,ridding
divorce,2402,divorces,divorced,divorcing
ruin,2403,ruins,ruined,ruining
bury,2404,buries,buried,burying
counsel,2405,counsels,counselled,counseled,counselling,counseling
tendency,2406,tendencies
frequent,2407,frequents,frequented,frequenting
motor,2408,motors,motored,motoring
survival,2409,survivals
counter,2410,counters,countered,countering
possess,2411,possesses,possessed,possessing
permission,2412,permissions
valley,2413,valleys
float,2414,floats,floated,floating
mad,2415,madder,maddest
greatly,2416
visible,2417
electric,2418,electrics
impressive,2419
evolution,2420,evolutions
awareness,2421
violent,2422
slave,2423,slaves,slaved,slaving
wealthy,2424,wealthier,wealthiest
architecture,2425,architectures
acceptable,2426
journal,2427,journals,journaling
coal,2428,coals
measurement,2429,measurements
random,2430
successfully,2431
depress,2432,depresses,depressed,depressing
illustration,2433,illustrations
burst,2434,bursts,bursting
privilege,2435,privileges,privileged,privileging
buyer,2436,buyers
mutual,2437
rail,2438,rails,railed,railing,railings
motivate,2439,motivates,motivated,motivating
laboratory,2440,laboratories
mortgage,2441,mortgages,mortgaged,mortgaging
promotion,2442,promotions
passion,2443,passions
champion,2444,champions,championed,championing
fulfill,2445,fulfills,fulfilled,fulfilling,fulfil,fulfils,fulfiled,fulfiling
dust,2446,dusts,dusted,dusting
dedicate,2447,dedicates,dedicated,dedicating
roughly,2448
skirt,2449,skirts,skirted,skirting
province,2450,provinces
march,2451,marches,marched,marching
evaluation,2452,evaluations
compromise,2453,compromises,compromised,compromising
accomplish,2454,accomplishes,accomplished,accomplishing
weakness,2455,weaknesses
announcement,2456,announcements
salt,2457,salts,salted,salting
glance,2458,glances,glanced,glancing
opera,2459,operas
contest,2460,contests,contested,contesting
brush,2461,brushes,brushed,brushing,brushings
embarrass,2462,embarrasses,embarrassed,embarrassing
gallery,2463,galleries
genetic,2464
aggressive,2465
chest,2466,chests
format,2467,formats,formatted,formatting
literary,2468
govern,2469,governs,governed,governing
embrace,2470,embraces,embraced,embracing
praise,2471,praises,praised,praising
silent,2472
pump,2473,pumps,pumped,pumping
publisher,2474,publishers
celebration,2475,celebrations
golf,2476,golfs,golfed,golfing
compensation,2477,compensations
classical,2478
weigh,2479,weighs,weighed,weighing
versus,2480
deficit,2481,deficits
modify,2482,modifies,modified,modifying
flash,2483,flashes,flashed,flashing
friendship,2484,friendships
profession,2485,professions
literally,2486
equation,2487,equations
gesture,2488,gestures,gestured,gesturing
entertain,2489,entertains,entertained,entertaining
fantastic,2490
assign,2491,assigns,assigned,assigning
inflation,2492,inflations
historic,2493
injure,2494,injures,injured,injuring
remote,2495,remoter,remotest
therapy,2496,therapies
orange,2497,oranges
twist,2498,twists,twisted,twisting
personnel,2499
imagination,2500,imaginations
disagree,2501,disagrees,disagreed,disagreeing
throat,2502,throats
insight,2503,insights
tackle,2504,tackles,tackled,tackling
forever,2505
exceed,2506,exceeds,exceeded,exceeding
expenditure,2507,expenditures
joy,2508,joys
pregnant,2509
reliable,2510,reliables
gear,2511,gears,geared,gearing,gearings
poet,2512,poets
fortune,2513,fortunes
ceremony,2514,ceremonies
pile,2515,piles,piled,piling
pig,2516,pigs,pigged,pigging
mixture,2517,mixtures
automatically,2518
scholar,2519,scholars
psychological,2520
dramatically,2521
stake,2522,stakes,staked,staking
creature,2523,creatures
partnership,2524,partnerships
participation,2525,participations
clause,2526,clauses
penalty,2527,penalties
chamber,2528,chambers,chambered,chambering
fancy,2529,fancies,fancied,fancying,fanciest
poetry,2530,poetries
chat,2531,chats,chatted,chatting
clothing,2532
evolve,2533,evolves,evolved,evolving
sake,2534,sakes
shelf,2535,shelves,shelved,shelving
boost,2536,boosts,boosted,boosting
tail,2537,tails,tailed,tailing
possession,2538,possessions
abortion,2539,abortions
curious,2540,curiouser
wooden,2541
boom,2542,booms,boomed,booming
tale,2543,tales
democratic,2544
maintenance,2545,maintenances
consequently,2546
pot,2547,pots,potted,potting
cow,2548,cows,cowed,cowing
strengthen,2549,strengthens,strengthened,strengthening
whilst,2550
constraint,2551,constraints
fold,2552,folds,folded,folding
bin,2553,bins,binned,binning
undergo,2554,undergoes,underwent,undergoing,undergone
potentially,2555
scope,2556,scopes,scoped,scoping
pretend,2557,pretends,pretended,pretending
diversity,2558,diversities
allege,2559,alleges,alleged
pride,2560,prides,prided,priding
intense,2561
inquiry,2562,inquiries
resign,2563,resigns,resigned,resigning
craft,2564,crafts,crafted,crafting
strict,2565,stricter,strictest
concrete,2566,concretes,concreted,concreting
shell,2567,shells,shelled
damn,2568,damns,damned,damning
distinct,2569
humor,2570,humors,humored,humoring,humorings,humour,humours,humoured
limitation,2571,limitations
indication,2572,indications
stability,2573,stabilities
wise,2574,wises,wised,wising,wiser,wisest
neglect,2575,neglects,neglected,neglecting
compose,2576,composes,composed,composing
jail,2577,jails,jailed,jailing
shelter,2578,shelters,sheltered
mere,2579,merest
carbon,2580,carbons
regulate,2581,regulates,regulated,regulating
cheese,2582,cheeses
trigger,2583,triggers,triggered,triggering
pipe,2584,pipes,piped,piping
destruction,2585,destructions
guitar,2586,guitars
flag,2587,flags,flagged,flagging
piano,2588,pianos
magic,2589
mystery,2590,mysteries
ski,2591,skis,skied,skiing
whisper,2592,whispers,whispered,whispering,whisperings
rear,2593,rears,reared,rearing
menu,2594,menus
species,2595
moon,2596,moons,mooned
presumably,2597
bless,2598,blesses,blessed,blessing,blessings,blest
airline,2599,airlines
amendment,2600,amendments
grandmother,2601,grandmothers
jury,2602,juries
cooperation,2603
civilian,2604,civilians
composition,2605,compositions
coin,2606,coins,coined,coining
regardless,2607
scan,2608,scans,scanned,scanning
bunch,2609,bunches,bunched,bunching
racial,2610,racials
greet,2611,greets,greeted,greeting,greetings
hopefully,2612
sanction,2613,sanctions,sanctioned,sanctioning
trick,2614,tricks,tricked,tricking
paragraph,2615,paragraphs,paragraphed,paragraphing
maker,2616,makers
chocolate,2617,chocolates
stimulate,2618,stimulates,stimulated,stimulating
belt,2619,belts,belted,belting
potato,2620,potatoes
narrative,2621,narratives
tissue,2622,tissues
barely,2623
invent,2624,invents,invented,inventing
tourism,2625
pro,2626,pros
stair,2627,stairs
hesitate,2628,hesitates,hesitated,hesitating
shine,2629,shines,shined,shining,shone
motivation,2630,motivations
romantic,2631,romantics
firmly,2632
interior,2633,interiors
stomach,2634,stomachs,stomached,stomaching
nowhere,2635
pray,2636,prays,prayed,praying
championship,2637,championships
servant,2638,servants
immigrant,2639,immigrants
excess,2640,excesses
complexity,2641,complexities
liability,2642,liabilities
surprisingly,2643
extract,2644,extracts,extracted,extracting
implementation,2645,implementations
bias,2646,biases,biased,biasing
differently,2647
catalog,2648,catalogs,cataloged,cataloging,catalogue,catalogues,catalogued,cataloguing
continuous,2649
golden,2650
stamp,2651,stamps,stamped,stamping
guideline,2652,guidelines
envelope,2653,envelopes
knife,2654,knifes,knifed,knifing,knives
biological,2655
consume,2656,consumes,consumed,consuming
luxury,2657,luxuries
weekly,2658,weeklies
wherever,2659
bite,2660,bites,biting,bitten
printer,2661,printers
firstly,2662
anxious,2663
adventure,2664,adventures,adventured,adventuring
fence,2665,fences,fenced,fencing,fencings
exhaust,2666,exhausts,exhausted,exhausting
attraction,2667,attractions
ocean,2668,oceans
quietly,2669
castle,2670,castles,castled,castling
veteran,2671,veterans
reflection,2672,reflections
nerve,2673,nerves,nerved,nerving
determination,2674,determinations
altogether,2675
fiction,2676,fictions
carpet,2677,carpets,carpeted,carpeting
cluster,2678,clusters,clustered,clustering
confusion,2679,confusions
hurry,2680,hurries,hurried,hurrying
logic,2681,logics
controversial,2682
raw,2683,rawer,rawest
grammar,2684,grammars
revise,2685,revises,revised,revising
hint,2686,hints,hinted,hinting
hook,2687,hooks,hooked,hooking
bell,2688,bells,belled,belling
liquid,2689,liquids
panic,2690,panics,panicked,panicking
uncle,2691,uncles
rice,2692,rices
slope,2693,slopes
happiness,2694
genuine,2695
vessel,2696,vessels
verb,2697,verbs
reckon,2698,reckons,reckoned,reckoning
silly,2699,sillier,silliest
transportation,2700,transportations
harbor,2701,harbors,harbored,harboring,harbour,harbours,harbouring
comedy,2702,comedies
chase,2703,chases,chased,chasing
storage,2704,storages
universe,2705,universes
horrible,2706
sheep,2707
lover,2708,lovers
rat,2709,rats,ratted,ratting
portrait,2710,portraits
innocent,2711,innocents
substitute,2712,substitutes,substituted,substituting
supplement,2713,supplements,supplemented,supplementing
adjustment,2714,adjustments
reasonably,2715
filter,2716,filters,filtered,filtering
flexible,2717
abstract,2718,abstracts,abstracted,abstracting
tent,2719,tents,tented,tenting
precise,2720
distant,2721
stranger,2722,strangers
shade,2723,shades,shaded,shading
grain,2724,grains,grained,graining
situate,2725,situates,situated,situating
summarize,2726,summarizes,summarized,summarizing,summarise,summarises,summarised,summarising
leap,2727,leaps,leaped,leaping,leapt
snap,2728,snaps,snapped,snapping
probability,2729,probabilities
leather,2730,leathers,leathered,leathering
uncertainty,2731,uncertainties
swear,2732,swears,swore,swearing,sworn
refugee,2733,refugees
shore,2734,shores,shored,shoring
monthly,2735
comprise,2736,comprises,comprised,comprising
stir,2737,stirs,stirred,stirring,stirrings
excitement,2738,excitements
sigh,2739,sighs,sighed,sighing
pregnancy,2740,pregnancies
experimental,2741,experimentals
institutional,2742
slice,2743,slices,sliced,slicing
wander,2744,wanders,wandered,wandering,wanderings
empire,2745,empires
subsequently,2746
gentle,2747,gentles,gentled,gentling,gentler,gentlest
attendance,2748,attendances
ownership,2749,ownerships
qualification,2750,qualifications
suspend,2751,suspends,suspended,suspending
functional,2752
voluntary,2753
pale,2754,pales,paled,paling,paler,palest
stain,2755,stains,stained,staining
athlete,2756,athletes
organic,2757,organics
tongue,2758,tongues,tongued,tonguing
server,2759,servers
structural,2760
fool,2761,fools,fooled,fooling
alongside,2762
unite,2763,unites,united,uniting
gently,2764
compute,2765,computes,computed,computing
wipe,2766,wipes,wiped,wiping
weird,2767,weirder,weirdest
gaze,2768,gazes,gazed,gazing
fade,2769,fades,faded,fading
cough,2770,coughs,coughed,coughing
hypothesis,2771,hypotheses
royal,2772,royals
theoretical,2773
curtain,2774,curtains,curtained,curtaining
mayor,2775,mayors
darkness,2776
aunt,2777,aunts
tournament,2778,tournaments
registration,2779,registrations
fragment,2780,fragments,fragmented,fragmenting
listener,2781,listeners
tender,2782,tenders
density,2783,densities
ugly,2784,uglier,ugliest
module,2785,modules
faithfully,2786
autumn,2787,autumns
cheek,2788,cheeks,cheeked
attachment,2789,attachments
holder,2790,holders
grin,2791,grins,grinned,grinning
noun,2792,nouns
fortunate,2793
alright,2794
lazy,2795,lazier,laziest
hello,2796
hunger,2797,hungers,hungered,hungering
insure,2798,insures,insured,insuring
ashamed,2799
found,2800,founds,founded,founding
thirst,2801,thirsts,thirsted,thirsting
